{
  "areas": [
    {
      "id": 1,
      "nom": "champs_de_mars1",
      "stand" : "",
      "description": "",
      "zone": "champs_de_mars",
      "id_zone": 2,
      "id_prestation": [3,2],
      "coordinates": [
        [
          48.8580521,
          2.2963765
        ],
        [
          48.8580445,
          2.2963764
        ],
        [
          48.8580387,
          2.2963565
        ],
        [
          48.858035,
          2.296242
        ],
        [
          48.8580298,
          2.2961346
        ],
        [
          48.8580379,
          2.2961337
        ],
        [
          48.8580339,
          2.2960491
        ],
        [
          48.8580247,
          2.2960504
        ],
        [
          48.8580035,
          2.2957834
        ],
        [
          48.8580078,
          2.2957652
        ],
        [
          48.8580158,
          2.2957515
        ],
        [
          48.8580275,
          2.2957602
        ],
        [
          48.8582676,
          2.2961086
        ],
        [
          48.8582676,
          2.2961228
        ],
        [
          48.858263,
          2.2961348
        ],
        [
          48.8582263,
          2.2961566
        ],
        [
          48.8581787,
          2.296187
        ],
        [
          48.8581443,
          2.2962204
        ],
        [
          48.8581074,
          2.2962744
        ],
        [
          48.8580747,
          2.2963307
        ],
        [
          48.8580521,
          2.2963765
        ]
      ],
      "surface_area": 920
      }

  ]
}