{
  "prestation": [
    {
      "id": 1,
      "libelle": "kebab frites",
      "prix": 12,
      "stand": {
        "id_zone": 2,
        "id_prestation": 3,
        "nom": "Kebab de besançon",
        "description": "Kebab délicieux",
        "image": "kebab-semih.png"
      }
    },
    {
      "id": 2,
      "libelle": "Coca",
      "prix": 12,
      "stand": {
        "id_zone": 2,
        "id_prestation": 2,
        "nom": "Kebab de besançon",
        "description": "Kebab délicieux",
        "image": "kebab-semih.png"
      }
    }
  ]
}